Id,Case,Year,Message,kw01,kw02,kw03,kw04,kw05,kw06,kw07,kw08,kw09,kw10,kw11,kw12,kw13,kw14,kw15,kw16,r01,r02,r03,r04,r05,r06,r07,r08,r09,r10,r11,r12,r13,r14,r15,r16,Remarks
1,1,2020,The current age is age of information,,,,,,,,,,,,,,age of information,,,0,0,0,0,0,0,0,0,0,0,0,0,0,100,0,0,
2,1,2020,The world is developing in the context of globalization,,,,,,,,,,,,,,,,globalization,0,0,0,0,0,0,0,0,0,0,0,0,0,0,0,100,
3,1,2020,This dictates the need for radical reforms,,,,,,need,,,,,,,,,,,0,0,0,0,0,100,0,0,0,0,0,0,0,0,0,0,
4,2,2020,It is necessary to introduce innovative technologies,,,,,,,,innovative,,,,,,,,,0,0,0,0,0,100,0,100,0,0,0,0,0,0,0,0,
5,2,2020,It is necessary to equip educational institutions with modern technology,,,,,,,,,,,,,,,,,0,0,0,0,0,100,0,0,0,0,0,0,0,0,0,0,
6,3,2020,The preparation of students is aimed at memorizing information,,,,memorizing information,,,,,,,,,,,,,0,0,0,100,0,0,0,0,0,0,0,0,0,0,0,0,
7,3,2020,The preparation of students should be aimed not at memorizing information,,,,,,should be,,,,,,,,,,,0,0,0,0,0,100,0,0,0,0,0,0,0,0,0,0,
8,3,2020,The preparation of students should be aimed at its understanding,,,,,,should be,,,,,,,,,,,0,0,0,0,0,100,0,0,0,0,0,0,0,0,0,0,
9,3,2020,The preparation of students should be aimed at the ability to apply the knowledge gained in practice,,,,,,should be,,,,,,,,,,,0,0,0,0,0,100,0,0,0,0,0,0,0,0,0,0,
10,4,2020,Teaching materials for educational institutions become outdated very quickly,,,,,,become outdated,,,,,,,,,,,0,0,0,0,0,100,0,0,0,0,0,0,0,0,0,0,
11,4,2020,It is necessary to regularly update the taught knowledge in accordance with the latest scientific achievements,,,,,,update,,,,,,,,,,,0,0,0,0,0,100,0,0,0,0,0,0,0,0,0,0,
12,5,2020,The next problem is weak practical orientation,,,,,,weak,,,,,,,,,,,0,0,0,0,0,100,0,0,0,0,0,0,0,0,0,0,
13,5,2020,The current educational system is mostly aimed at educating the future theoretical scientist,,,,aimed at,,,,,,,,,,,,,0,0,0,100,0,0,0,0,0,0,0,0,0,0,0,0,
14,5,2020,The current educational system is mostly aimed not at training a practicing specialist,,,,,,aimed not at,,,,,,,,,,,0,0,0,0,0,100,0,0,0,0,0,0,0,0,0,0,
15,5,2020,Theoretical knowledge in many ways does not overlap with practice,,,,,,does not,,,,,,,,,,,0,0,0,0,0,100,0,0,0,0,0,0,0,0,0,0,
16,5,2020,Students often do not know how to use the acquired knowledge in their professional activities,,,,,,do not,,,,,,,,,,,0,0,0,0,0,100,0,0,0,0,0,0,0,0,0,0,Do not relates to result of Education
17,5,2020,Most of the people who graduated from the university say that they are not ready to start practice,,,,,,are not,,,,,,,,,,,0,0,0,0,0,100,0,0,0,0,0,0,0,0,0,0,
18,5,2020,The reasons for this are poor practical training,,,,,,poor,,,,,,,,,,,0,0,0,0,0,100,0,0,0,0,0,0,0,0,0,0,
19,5,2020,The reasons for this a weak connection between theoretical material and practice,,,,,,weak,,,,,connection,,,,,,0,0,0,0,0,100,0,0,0,0,100,0,0,0,0,0,
20,6,2020,In order to improve the quality of education,,,,,,to improve,,,,,,,,,,,0,0,0,0,0,100,0,0,0,0,0,0,0,0,0,0,
21,6,2020,In order to ensure its accessibility for all segments of the population,,,,,,to ensure,,,,,all segments of,,,,,,0,0,0,0,0,100,0,0,0,0,100,0,0,0,0,0,
22,6,2020,To provide educational institutions with the necessary resources,,,necessary resources,,,,,,,,,,,,,,0,0,100,0,0,0,0,0,0,0,0,0,0,0,0,0,
23,6,2020,It is necessary to develop a system of effective financing of education,,,,,,effective,,,,,,,,,,,0,0,0,0,0,100,0,0,0,0,0,0,0,0,0,0,
24,7,2020,Another serious problem is the weak link between educational levels,,,,,,weak,,,,,link between,,,,,,0,0,0,0,0,100,0,0,0,0,100,0,0,0,0,0,
25,7,2020,Low continuity between the stages of the educational process negatively affects the quality,,,,,,low,,,,,continuity between,,,,,,0,0,0,0,0,100,0,0,0,0,100,0,0,0,0,0,
26,7,2020,Low continuity between the stages interferes with the mastery of knowledge,,,,,,low / interferes,,,,,continuity between,,,,,,0,0,0,0,0,100,0,0,0,0,100,0,0,0,0,0,
27,8,2020,The main problem of education is weak legislation,,,,,,weak,,,,,,,,,,,0,0,0,0,0,100,0,0,0,0,0,0,0,0,0,0,
28,8,2020,There is a clear need to develop a mechanism for the legal regulation,,,need,,,,,,,,,,,,,,0,0,100,0,0,0,0,0,0,0,0,0,0,0,0,0,
29,9,2020,Corruption in the education system is another Achilles' heel of education in Russia,,,,,,corruption / Achilles' heel,,,,,,,,,,,0,0,0,0,0,100,0,0,0,0,0,0,0,0,0,0,
30,9,2020,This can include monetary levies from the parents of schoolchildren and embezzlement of budgetary funds and bribes,,,,,,levies / embezzlement / bribes,,,,,,,,,,,0,0,0,0,0,100,0,0,0,0,0,0,0,0,0,0,
31,10,2020,Not all of them have a clear understanding of why they need it,understanding,,,,,,,,,,,,,,,,100,0,0,0,0,0,0,0,0,0,0,0,0,0,0,0,
32,10,2020,Most come to the university because their parents insisted on it,,,,,,,,,,,,,,,,,100,0,0,0,0,0,0,0,0,0,0,0,0,0,0,0,
33,10,2020,Teachers note low motivation of first-year students and unwillingness to immerse themselves in the subject of study,,,,,,low / unwillingness,,,,,,,,,,,0,0,0,0,0,100,0,0,0,0,0,0,0,0,0,0,
34,11,2021,The first problem is that most educational programs involve the equal study of the humanities exact and natural sciences,,,,,,,,,,,,,,,,,0,0,0,0,0,0,100,0,0,0,0,0,0,0,0,0,
35,11,2021,The interests and inclinations of a particular child are not considered,,,,,,,particular,,,,,,,,,,0,0,0,0,0,0,100,0,0,0,0,0,0,0,0,0,
36,11,2021,Each teacher considers his discipline to be the main one and tries to load students to the maximum,,,,,,,,,,,,,,,,,0,0,0,0,100,0,0,0,0,0,0,0,0,0,0,0,
37,12,2021,Often estimates do not correlate with real knowledge,,,,,,,,,,,,,,,,,0,0,0,0,100,0,0,0,0,0,0,0,0,0,0,0,
38,12,2021,For many schoolchildren grades create complexes and become the reason for bullying and other problems in school,,,,,,,,,,,,,,,,,0,0,0,0,0,100,0,0,0,0,0,0,0,0,0,0,
39,13,2021,Formalism permeates all spheres of school life,,,,,,,,,,,,,,,,,0,0,0,0,0,100,0,0,0,0,0,0,0,0,0,0,
40,13,2021,Child is taught to the rule ‘you are an insect without a piece of paper’,,,,,,,,,,,,,,,,,0,0,0,0,100,0,0,0,0,0,0,0,0,0,0,0,
41,13,2021,Child forced to observe dozens of unnecessary rules giving rise to new problems,,,,,,,,,,,,,,,,,0,0,0,0,0,100,0,0,0,0,0,0,0,0,0,0,
42,13,2021,Unnecessary rules rise to new problems,,,,,,,,,,,,,,,,,0,0,0,0,0,100,0,0,0,0,0,0,0,0,0,0,
43,14,2021,Some parents prepare their children for school themselves while others believe that this is the area of responsibility of teachers,,,,,,,,,,,,,,,,,0,0,0,0,0,0,100,0,0,0,0,0,0,0,0,0,
44,14,2021,Some children read and count at three years old others barely add syllables and numbers at seven,,,,,,,,,,,,,,,,,0,0,0,0,0,0,100,0,0,0,0,0,0,0,0,0,
45,14,2021,30-40 completely different children gather in the same class,,,,,,,,,,,,,,,,,0,0,0,0,0,100,0,0,0,0,0,0,0,0,0,0,
46,15,2021,A common school lesson lasts 45 minutes,,,,,,,,,,,,,,,,,0,0,0,100,0,0,0,0,0,0,0,0,0,0,0,0,
47,15,2021,Part of the lesson is spent on organizational issues another part for checking and explaining homework and there are 15–20 minutes left for the submission of new material,,,,,,,,,,,,,,,,,0,0,100,0,0,0,0,0,0,0,0,0,0,0,0,0,
48,15,2021,Class is calm and no student sabotages,,,,,,,,,,,,,,,,,0,0,0,100,0,0,0,0,0,0,0,0,0,0,0,0,
49,15,2021,Such a regime negatively affects the quality of school education,,,,,,,,,,,,,,,,,0,0,0,0,0,100,0,0,0,0,0,0,0,0,0,0,
50,16,2021,It should take 1.5-2 hours to complete homework in the elementary school 2.5 hours in the 6th grade and 3.5 hours in the 9th grade,,,,,,,,,,,,,,,,,0,0,0,0,0,100,0,0,0,0,0,0,0,0,0,0,
51,16,2021,Homework is often so voluminous that child have to stay up late for lessons,,,,,,,,,,,,,,,,,0,0,0,0,0,100,0,0,0,0,0,0,0,0,0,0,
52,16,2021,The child is not self-sufficient and is waiting for mom and dad to come home from work and help with assignments,,,,,,,,,,,,,,,,,0,0,100,0,0,0,0,0,0,0,0,0,0,0,0,0,
53,16,2021,This urgent problem of modern education worries many parents,worries,,,,,,,,,,,,,,,,100,0,0,0,0,0,0,0,0,0,0,0,0,0,0,0,
54,17,2021,Weak interest in learning outcomes is manifested by both young and experienced teachers,interest,,,,,,,,,,,,,,,,100,0,0,0,0,0,0,0,0,0,0,0,0,0,0,0,
55,18,2021,To get a decent salary has to take more hours classroom guidance and tutoring,,,,,,has to / have to,,,,,,,,,,,0,0,0,0,0,100,0,0,0,0,0,0,0,0,0,0,
56,18,2021,The quality of teaching leaves much to be desired,,,,,,,,,,,,,,,,,0,0,0,0,0,100,0,0,0,0,0,0,0,0,0,0,
57,18,2021,Teachers have no time to prepare for lessons,,,,,,,,,,,,,,,,,0,0,100,0,0,0,0,0,0,0,0,0,0,0,0,0,
58,18,2021,A heavy load inevitably leads to physical and emotional burnout,,,,,,,,,,,,,,,,,0,0,0,0,0,100,0,0,0,0,0,0,0,0,0,0,
59,19,2021,Older educators often cannot adapt to electronic document flow,,,,,,cannot,,,,,,,,,,,0,0,100,0,0,0,0,0,0,0,0,0,0,0,0,0,
60,19,2021,They do not understand the values of Generation Z,,,,do not,,,,,,,,,,,,,0,0,0,100,0,0,0,0,0,0,0,0,0,0,0,0,There is no action (understanding)
61,19,2021,They go to work just to finish working until retirement,,,,,,,,,,,,,,,,,100,0,0,0,0,0,0,0,0,0,0,0,0,0,0,0,
62,19,2021,They sometimes explicitly demonstrate their dissatisfaction with life,,,,,,,,,,,,,,,,,100,0,0,0,0,0,0,0,0,0,0,0,0,0,0,0,
63,19,2021,Their approach is undoubtedly a disadvantage of modern education,,,,,,,,,,,,,,,,,0,0,0,0,0,100,0,0,0,0,0,0,0,0,0,0,The evaluation exists
64,20,2021,Preparation for the basic and uniform state exams goes against the daily educational activities,,,,,,,,,,,,,,,,,0,0,0,0,0,100,0,0,0,0,0,0,0,0,0,0,The evaluation exists
65,20,2021,Basic State Exam and Unified State Exam are not enough to understand the subject,,,,,,not enough,,,,,,,,,,,0,0,0,0,0,100,0,0,0,0,0,0,0,0,0,0,The evaluation exists
66,20,2021,Students are required to have rather specific skills: to interpret assignments correctly,,,required,,,,,,,,,,,,,,0,0,100,0,0,0,0,0,0,0,0,0,0,0,0,0,Have no
67,20,2021,Students are required to have rather specific skills: to write answers in strict accordance with the assessment criteria,,,required,,,,,,,,,,,,,,0,0,100,0,0,0,0,0,0,0,0,0,0,0,0,0,Have no
68,20,2021,Students are required to have rather specific skills: fill out forms correctly,,,required,,,,,,,,,,,,,,0,0,100,0,0,0,0,0,0,0,0,0,0,0,0,0,Have no
69,20,2021,Main problem of teaching at school is that it is not taught in the classroom,,,,,,not taught,,,,,,,,,,,0,0,0,0,0,100,0,0,0,0,0,0,0,0,0,0,
70,20,2021,Main problem of teaching at school is that you have to hire tutors or attend preparatory courses,,,,,,have to,,,,,,,,,,,0,0,0,0,0,100,0,0,0,0,0,0,0,0,0,0,
71,21,2021,Modern general education school does not perform an upbringing function - only an educational one,,,,,,,,,,,,,,,,,0,0,0,0,0,0,100,0,0,0,0,0,0,0,0,0,No alternative
72,21,2021,It must necessarily organize extracurricular activities of students,,,,,,,,,,,,,,,,,0,0,0,0,0,0,100,0,0,0,0,0,0,0,0,0,Alternative required
73,22,2021,Voluntary-compulsory attendance in additional classes is not pleasant to most children and parents,not pleasant,,,,,,,,,,,,,,,,100,0,0,0,0,0,0,0,0,0,0,0,0,0,0,0,
74,22,2021,Voluntary-compulsory attendance in additional class hours is not pleasant to most children and parents,not pleasant,,,,,,,,,,,,,,,,100,0,0,0,0,0,0,0,0,0,0,0,0,0,0,0,
75,22,2021,Voluntary-compulsory attendance in additional tea parties is not pleasant to most children and parents,not pleasant,,,,,,,,,,,,,,,,100,0,0,0,0,0,0,0,0,0,0,0,0,0,0,0,
76,22,2021,Voluntary-compulsory attendance in additional concerts is not pleasant to most children and parents,not pleasant,,,,,,,,,,,,,,,,100,0,0,0,0,0,0,0,0,0,0,0,0,0,0,0,
77,23,2016,The problems are in their individuality,,,,,,,individuality,,,,,,,,,,0,0,0,0,0,0,100,0,0,0,0,0,0,0,0,0,
78,23,2016,Individuality is an excellent quality that sets many interesting tasks,,,,,,,individuality,,,,,,,,,,0,0,0,0,0,,100,0,0,0,0,0,0,0,0,0,
79,23,2016,Techniques used for one group of students can work completely differently for another group,,,,,,,,,,,,,,,,,0,0,0,0,0,0,100,0,0,0,0,0,0,0,0,0,
80,23,2016,Techniques used for one single student can work completely differently for another one,,,,,,,,,,,,,,,,,0,0,0,0,0,0,100,0,0,0,0,0,0,0,0,0,
81,24,2016,Problems of material and economic support fading into the background,,,,,,,,,,,,,,,,,0,0,0,0,0,100,0,0,0,0,0,0,0,0,0,0,
82,24,2016,Problems of material and economic support still an urgent problem,,,,,,,,,,,,,,,,,0,0,0,0,0,100,0,0,0,0,0,0,0,0,0,0,
83,24,2016,Problem consists in the limited economic provision of schools,,,,,,,,,,,,,,,,,0,0,0,0,0,100,0,0,0,0,0,0,0,0,0,0,
84,24,2016,Problem consists in the limited economic provision of educational institutions,,,,,,,,,,,,,,,,,0,0,0,0,0,100,0,0,0,0,0,0,0,0,0,0,
85,24,2016,There are is lack of textbooks,,,,,,lack,,,,,,,,,,,0,0,0,0,0,100,0,0,0,0,0,0,0,0,0,0,
86,24,2016,There are is lack of teaching aids,,,,,,lack,,,,,,,,,,,0,0,0,0,0,100,0,0,0,0,0,0,0,0,0,0,
87,24,2016,There are is lack of opportunity for practical and laboratory work,,,,,,lack,,,,,,,,,,,0,0,0,0,0,100,0,0,0,0,0,0,0,0,0,0,
88,24,2016,There are is a little opportunity for practical and laboratory work,,,,,,little opportunity,,,,,,,,,,,0,0,0,0,0,100,0,0,0,0,0,0,0,0,0,0,
89,25,2016,Second problem caused by the system is the lack of decent personnel,,,,,,lack,,,,,,,,,,,0,0,0,0,0,100,0,0,0,0,0,0,0,0,0,0,
90,25,2016,Many teachers by nature are now working far from professions,,,,,,far from professions,,,,,,,,,,,0,0,0,0,0,100,0,0,0,0,0,0,0,0,0,0,
91,25,2016,Teachers are afraid of small salaries,,,,,,small salaries,,,,,,,,,,,0,0,0,0,0,100,0,0,0,0,0,0,0,0,0,0,
92,25,2016,They are afraid of small salaries,,,,,,afraid,,,,,,,,,,,0,0,0,0,0,100,0,0,0,0,0,0,0,0,0,0,
93,25,2016,Teachers are faced with more global problems that repel,,,,,,problem,,,,,,,,,,,0,0,0,0,0,100,0,0,0,0,0,0,0,0,0,0,
94,25,2016,There are few teachers,,,,,,few,,,,,,,,,,,0,0,0,0,0,100,0,0,0,0,0,0,0,0,0,0,
95,25,2016,The load is transferred to the already loaded teachers,,,,,,,,,,,,,,,,,0,0,0,0,0,100,0,0,0,0,0,0,0,0,0,0,
96,26,2016,Third problem is an attempt to standardize the educational process,,,,,,,,,,,,,,,,,0,0,0,0,0,100,0,0,0,0,0,0,0,0,0,0,
97,26,2016,In the modern world there is a tendency to build a conveyor belt and industrial production in everything,,,,,,,,,,,,,,,,,0,0,0,0,0,100,0,0,0,0,0,0,0,0,0,0,
98,26,2016,This is not always a good tactic to apply in the educational process,,,,,,,,,,,,,,,,,0,0,0,0,0,100,0,0,0,0,0,0,0,0,0,0,
99,26,2016,This is manifested in total bureaucratization,,,,,,,,,,,,,,,,total,0,0,0,0,0,0,0,0,0,0,0,0,0,0,0,100,
100,26,2016,Myriad of paperwork comes with new education standards,,,,,,myriad of paperwork,,,,,,,,,,,0,0,0,0,0,100,0,0,0,0,0,0,0,0,0,0,a lot of work is a problem
101,26,2016,Standardization is a great idea but not strong enough to implement it,,,,,,not strong enough,,,,,,,,,,,0,0,0,0,0,100,0,0,0,0,0,0,0,0,0,0,
102,27,2016,Fourth problem is poor reflection and sluggishness of the system,,,,,,poor / sluggishness,,,,,,,,,,,0,0,0,0,0,100,0,0,0,0,0,0,0,0,0,0,
103,27,2016,The system is not very responsive,,,,,,not very responsible,,,,,,,,,,,0,0,0,0,0,100,0,0,0,0,0,0,0,0,0,0,
104,27,2016,It is almost unrealistic to change something in the interests of the students,,,,,,unrealistic,,,,,,,,,,,0,0,0,0,0,100,0,0,0,0,0,0,0,0,0,0,
105,27,2016,People solve one problem and it is not a fact that this problem is so important,,,,,,,,,,,,,,,,,0,0,0,0,100,0,0,0,0,0,0,0,0,0,0,0,No evaluation
106,28,2016,Decision is not the most important but at the same time its discussion dragged on for many years,,,,,,,,,,,,,,,,,0,0,0,0,0,100,0,0,0,0,0,0,0,0,0,0,
107,28,2016,Bureaucratization,,,,,,bureaucratization,,,,,,,,,,,0,0,0,0,0,100,0,0,0,0,0,0,0,0,0,0,
108,28,2016,Sluggishness,,,,,,sluggishness,,,,,,,,,,,0,0,0,0,0,100,0,0,0,0,0,0,0,0,0,0,
109,29,2016,Subjective-objective problems are problems emanating from the teacher but initially caused by external factors,,,,,,,,,,,,,,,,,0,0,0,0,0,100,0,0,0,0,0,0,0,0,0,0,The evaluation exists
110,29,2016,There is lack of motivation or experience that was not given in the right amount during their training,,,,,,lack,,,,,,,,,,,0,0,0,0,0,100,0,0,0,0,0,0,0,0,0,0,
111,30,2016,Subjective problems - caused by the qualities of the teacher himself,,,,,,,,,,,,,,,,,0,0,0,0,0,100,0,0,0,0,0,0,0,0,0,0,The evaluation exists
112,30,2016,Underdevelopment of any personal qualities,,,,,,underdevelopment,,,,,,,,,,,0,0,0,0,0,100,0,0,0,0,0,0,0,0,0,0,
113,30,2016,Professional deformations,,,,,,deformations,,,,,,,,,,,0,0,0,0,0,100,0,0,0,0,0,0,0,0,0,0,
114,31,2020,The lack of qualified teachers is one of the main problems,,,,,,lack,,,,,,,,,,,0,0,0,0,0,100,0,0,0,0,0,0,0,0,0,0,
115,31,2020,The difficulties and dangers associated with the digitalization of the educational environment are one of the main problems,,,,,,difficulties,,,,,,,,,,,0,0,0,0,0,100,0,0,0,0,0,0,0,0,0,0,
116,32,2020,There is a problem of significant differentiation of educational conditions and of educational results,,,,,,,,,,,differentiation,,,,,,0,0,0,0,0,0,0,0,0,0,100,0,0,0,0,0,
117,32,2020,Low speed of the Internet,,,,,,low,,,,,,,,,,,0,0,0,0,0,100,0,0,0,0,0,0,0,0,0,0,
118,32,2020,Low qualifications of teaching staff,,,,,,low,,,,,,,,,,,0,0,0,0,0,100,0,0,0,0,0,0,0,0,0,0,
119,33,2020,Backlog of the educational environment from digital age,,,,,,backlog,,,,,,,,,,,0,0,0,0,0,100,0,0,0,0,0,0,0,0,0,0,
120,33,2020,Backlog of the educational environment from rapid development of digital technologies,,,,,,backlog,,,,,,,,,,,0,0,0,0,0,100,0,0,0,0,0,0,0,0,0,0,
121,33,2020,Rapidly developing digital technologies create a distortion in the development and upbringing of children,,,,,,distortion,,,,,,,,,,,0,0,0,0,0,100,0,0,0,0,0,0,0,0,0,0,
122,34,2020,There is a very shortage of qualified teachers in regions,,,,,,shortage,,,,,,,,,,,0,0,0,0,0,100,0,0,0,0,0,0,0,0,0,0,
123,35,2020,Problem of the introduction of new methods and forms of the educational process is being resolved,,,,,,,,,,,,,,,,,0,0,0,0,0,100,0,0,0,0,0,0,0,0,0,0,"It is 6 level relative to education, while 4 level relative to process"
124,35,2020,Problem of the use of computer technologies is being resolved,,,,,,,,,,,,,,,,,0,0,0,0,0,100,0,0,0,0,0,0,0,0,0,0,"It is 6 level relative to education, while 4 level relative to process"
125,35,2020,No computer education can replace the teacher's personality,,,,,,cannot,,,,,,,,,,,0,0,0,0,0,100,0,0,0,0,0,0,0,0,0,0,The evaluation exists
126,36,2020,It is not possible to find balance between variability flexibility and uniform approaches requirements and conditions of education,,,,,,,,,,,balance,,,,,,0,0,0,0,0,0,0,0,0,0,100,0,0,0,0,0,
127,36,2020,It is not possible to find balance between variability and uniform approaches,,,,,,,,,,,balance,,,,,,0,0,0,0,0,0,0,0,0,0,100,0,0,0,0,0,
128,36,2020,It is not possible to find balance between flexibility and uniform approaches,,,,,,,,,,,balance,,,,,,0,0,0,0,0,0,0,0,0,0,100,0,0,0,0,0,
129,36,2020,It is impossible to find balance between variability and uniform approaches,,,,,,,,,,,balance,,,,,,0,0,0,0,0,0,0,0,0,0,100,0,0,0,0,0,
130,36,2020,It is impossible to find balance between flexibility and uniform approaches,,,,,,,,,,,balance,,,,,,0,0,0,0,0,0,0,0,0,0,100,0,0,0,0,0,
131,37,2020,Another important point is building a relationship between secondary and higher education,,,,,,,,,,,relationship,,,,,,0,0,0,0,0,0,0,0,0,0,100,0,0,0,0,0,
132,37,2020,It is necessary to build a relationship between secondary and higher education,,,,,,,,,,,relationship,,,,,,0,0,0,0,0,0,0,0,0,0,100,0,0,0,0,0,
133,37,2020,It is necessary to revise the system of final examinations for the secondary school course,,,,,,to revise,,,,,,,,,,,0,0,0,0,0,100,0,0,0,0,0,0,0,0,0,0,
134,37,2020,It is necessary to revise the system of final examinations,,,,,,to revise,,,,,,,,,,,0,0,0,0,0,100,0,0,0,0,0,0,0,0,0,0,
135,38,2020,Serious work lies ahead on selection to higher educational institutions,,,,,,,,,,,,,,,,,0,0,0,0,0,100,0,0,0,0,0,0,0,0,0,0,
136,38,2020,Pre-vocational training begins on basis of secondary school,,,,,,,,,,,,,,,,,0,0,0,0,100,0,0,0,0,0,0,0,0,0,0,0,Process without evaluation
137,38,2020,Universities are not chosen spontaneously,,,,,,,,,,,,,,,,,0,0,0,0,100,0,0,0,0,0,0,0,0,0,0,0,Process without evaluation
138,38,2020,Graduates of the school consciously go already realizing that they must choose,,,,,,,,,,,,,,,,,0,0,0,0,100,0,0,0,0,0,0,0,0,0,0,0,Process without evaluation
139,38,2020,Students consciously realize that they must choose,,,,,,,,,,,,,,,,,0,0,0,0,100,0,0,0,0,0,0,0,0,0,0,0,Process without evaluation
140,38,2020,Students realize that they must choose,,,,,,,,,,,,,,,,,0,0,0,0,100,0,0,0,0,0,0,0,0,0,0,0,Process without evaluation
141,38,2020,Students known that they must choose,,,,,,,,,,,,,,,,,0,0,0,0,100,0,0,0,0,0,0,0,0,0,0,0,Process without evaluation
142,38,2020,Students consciously choose the specialty in which they will not only study but continue their life path,,,,,,,,,,,,,,,,,0,0,0,0,100,0,0,0,0,0,0,0,0,0,0,0,Process without evaluation
143,38,2020,Students consciously choose the specialty in which they will study,,,,,,,,,,,,,,,,,0,0,0,0,100,0,0,0,0,0,0,0,0,0,0,0,Process without evaluation
144,38,2020,Students consciously choose the specialty in which they will continue their life path,,,,,,,,,,,,,,,,,0,0,0,0,100,0,0,0,0,0,0,0,0,0,0,0,Process without evaluation
145,38,2020,Students choose the specialty in which they will study,,,,,,,,,,,,,,,,,0,0,0,0,100,0,0,0,0,0,0,0,0,0,0,0,Process without evaluation
146,38,2020,Students choose the specialty in which they will continue their life path,,,,,,,,,,,,,,,,,0,0,0,0,100,0,0,0,0,0,0,0,0,0,0,0,Process without evaluation
147,39,2020,Expansion of university autonomy can be called among topical problems for higher education,,,,,,,,,,,,,,,expansion,,0,0,0,0,0,0,0,0,0,0,0,0,0,0,100,0,
148,39,2020,Expansion of university autonomy is one of topical problems for higher education,,,,,,,,,,,,,,,expansion,,0,0,0,0,0,0,0,0,0,0,0,0,0,0,100,0,
149,39,2020,Expansion of university autonomy is problem for higher education,,,,,,,,,,,,,,,expansion,,0,0,0,0,0,0,0,0,0,0,0,0,0,0,100,0,
150,39,2020,Institutions of higher education should be managed by the university community ,,,,,,should be,,,,,,,,,,,0,0,0,0,0,100,0,0,0,0,0,0,0,0,0,0,
151,39,2020,Institutions of higher education should be managed by the teaching staff ,,,,,,should be,,,,,,,,,,,0,0,0,0,0,100,0,0,0,0,0,0,0,0,0,0,
152,39,2020,The position of the rector should be elective,,,,,,should be,elective,,,,,,,,,,0,0,0,0,0,100,100,0,0,0,0,0,0,0,0,0,Elective supposes alternatives
153,39,2020,It is necessary to significantly expand the scientific base,,,,,,necessary,,,,,,,,,expand,,0,0,0,0,0,100,0,0,0,0,0,0,0,0,100,0,It supposes improvement and expansion
154,39,2020,It is necessary to significantly expand the experimental base,,,,,,necessary,,,,,,,,,expand,,0,0,0,0,0,100,0,0,0,0,0,0,0,0,100,0,It supposes improvement and expansion
155,39,2020,It is necessary to significantly expand the laboratory base,,,,,,necessary,,,,,,,,,expand,,0,0,0,0,0,100,0,0,0,0,0,0,0,0,100,0,It supposes improvement and expansion
156,40,2020,This is a very serious requirement for the modern system of higher professional education,,,,,,,,,,,,,,,,,0,0,0,0,0,100,0,0,0,0,0,0,0,0,0,0,The evaluation exists
157,40,2020,That students studying at universities have not only a set of theoretical knowledge but also practical skills,,,,,,,,,,,,,,,,,0,0,0,0,0,0,100,0,0,0,0,0,0,0,0,0,
158,40,2020,That students studying at universities have also practical skills,,,,,,,,,,,,,,,,,0,0,0,0,0,100,0,0,0,0,0,0,0,0,0,0,
159,41,2020,Among the problems of universities one can single out a disproportion in their distribution over the territory,,,,,,,,,,,,,,,,,0,0,0,0,0,0,0,0,0,0,100,0,0,0,0,0,Sounds like absence of synergy on territorial aspect
160,41,2020,There is a disproportion in their distribution of universities over the territory,,,,,,,,,,,,,,,,,0,0,0,0,0,0,0,0,0,0,100,0,0,0,0,0,Sounds like absence of synergy on territorial aspect
161,41,2020,There is an outflow of the most gifted most educationally successful graduates ,,,,,,,,,,,,,,,,,0,0,0,0,0,100,0,0,0,0,0,0,0,0,0,0,
162,41,2020,There are difficulties in returning of students to their regions after receiving higher education,,,,,,,,,,,,,,,,,0,0,0,0,0,100,0,0,0,0,0,0,0,0,0,0,
163,42,2006,The sphere of education is becoming more and more self-contained,,,,,,,,,,,,,,,,,0,0,0,0,0,100,0,0,0,0,0,0,0,0,0,0,
164,42,2006,Socio-cultural problems are becoming more and more acute,,,,,,,,,,,,,,,,,0,0,0,0,0,100,0,0,0,0,0,0,0,0,0,0,
165,42,2006,There are changes in society in recent years,,,,,,,,,,,,,,,,,0,0,0,100,0,0,0,0,0,0,0,0,0,0,0,0,No evaluation present
166,42,2006,Higher education expects that customer will formulate requirements and legal laws,,,,,,,,,,,,,,,,,0,0,0,0,0,100,0,0,0,0,0,0,0,0,0,0,
167,42,2006,Higher education expects that state will formulate requirements and legal laws,,,,,,,,,,,,,,,,,0,0,0,0,0,100,0,0,0,0,0,0,0,0,0,0,
168,42,2006,Higher education expects that society and state will formulate requirements and legal laws,,,,,,,,,,,,,,,,,0,0,0,0,0,100,0,0,0,0,0,0,0,0,0,0,
169,43,2006,The majority of higher educational institutions with insufficient funding are concerned about the problem of survival,,,survival,,,,,,,,,,,,,,0,0,100,0,0,0,0,0,0,0,0,0,0,0,0,0,Survival contradict feasibility
170,43,2006,Higher educational institutions located in large cities are concerned about the greed,,,,,,,,,,,,,,,,,0,0,0,0,0,100,0,0,0,0,0,0,0,0,0,0,
171,44,2006,Without a social order educational institutions operate on basis of several principles: economic benefits and the influence of fashion,,,,,,,,,,,,,,,,,0,0,0,0,0,100,0,0,0,0,0,0,0,0,0,0,"Without says that it most likely 6th level, but not 4"
172,44,2006,Without a social order educational institutions operate on basis of economic benefits,,,,,,,,,,,,,,,,,0,0,0,0,0,100,0,0,0,0,0,0,0,0,0,0,"Without says that it most likely 6th level, but not 4"
173,44,2006,Without a social order educational institutions operate on basis of the influence of fashion,,,,,,,,,,,,,,,,,0,0,0,0,0,100,0,0,0,0,0,0,0,0,0,0,"Without says that it most likely 6th level, but not 4"
174,44,2006,Among students there is huge number of economists accountants and lawyers i.e. just those specialists whose training does not require significant material costs,,,,,,,,,,,,,,,,,0,0,0,0,0,100,0,0,0,0,0,0,0,0,0,0,
175,44,2006,Among students there is huge number of specialists whose training does not require significant material costs,,,,,,,,,,,,,,,,,0,0,0,0,0,100,0,0,0,0,0,0,0,0,0,0,
176,44,2006,The lack of laboratory facilities because they require significant material costs,,,,,,,,,,,,,,,,,0,0,0,0,0,100,0,0,0,0,0,0,0,0,0,0,
177,45,2016,People are trying to find out if our children are getting enough knowledge to take their place in the economy of the 21st century,,,,,,,,,,,,,,,,,0,0,0,0,100,0,0,0,0,0,0,0,0,0,0,0,Trying to get evaluation
178,45,2016,Children should get enough knowledge to take their place in the economy of the 21st century,,,,,,,,,,,,,,,,,0,0,0,0,0,100,0,0,0,0,0,0,0,0,0,0,
179,45,2016,Children should get enough knowledge to take their place in the modern economy,,,,,,,,,,,,,,,,,0,0,0,0,0,100,0,0,0,0,0,0,0,0,0,0,
180,46,2016,There is problem of teaching children to preserve their cultural identity without falling out of the globalization process,,,,,,,,,,,,,,,,,0,0,0,0,0,0,100,0,0,0,0,0,0,0,0,0,
181,46,2016,There is problem of teaching children to pass on their cultural heritage without falling out of the globalization process,,,,,,,,,,,,,,,,,0,0,0,0,0,0,100,0,0,0,0,0,0,0,0,0,
182,46,2016,Students should preserve their cultural identity without falling out of the globalization process,,,,,,,,,,,,,,,,,0,0,0,0,0,0,100,0,0,0,0,0,0,0,0,0,
183,46,2016,Students should pass on their cultural heritage without falling out of the globalization process,,,,,,,,,,,,,,,,,0,0,0,0,0,0,100,0,0,0,0,0,0,0,0,0,
184,47,2016,Problem is that they are trying to prepare children for future but using old methods,,,,,,,,,,,,,,,,,0,0,0,0,0,100,0,0,0,0,0,0,0,0,0,0,
185,47,2016,Teachers should not prepare children for future using old methods,,,,,,,,,,,,,,,,,0,0,0,0,0,100,0,0,0,0,0,0,0,0,0,0,
186,47,2016,Teachers should not use old methods to prepare children for future ,,,,,,,,,,,,,,,,,0,0,0,0,0,100,0,0,0,0,0,0,0,0,0,0,
187,48,2016,If you do well at school you enter a university get a diploma you will not definitely find a job,,,,,,,,,,,,,,,,,0,0,0,0,0,100,0,0,0,0,0,0,0,0,0,0,
188,48,2016,If one does well at school one enters a university gets a diploma one will not definitely find a job,,,,,,,,,,,,,,,,,0,0,0,0,0,100,0,0,0,0,0,0,0,0,0,0,
189,48,2016,If you do well at school you will not definitely find a job,,,,,,,,,,,,,,,,,0,0,0,0,0,100,0,0,0,0,0,0,0,0,0,0,
190,48,2016,If one does well at school one will not definitely find a job,,,,,,,,,,,,,,,,,0,0,0,0,0,100,0,0,0,0,0,0,0,0,0,0,
191,48,2016,If you enter a university you will not definitely find a job,,,,,,,,,,,,,,,,,0,0,0,0,0,100,0,0,0,0,0,0,0,0,0,0,
192,48,2016,If one enters a university one will not definitely find a job,,,,,,,,,,,,,,,,,0,0,0,0,0,100,0,0,0,0,0,0,0,0,0,0,
193,48,2016,If you get a diploma you will not definitely find a job,,,,,,,,,,,,,,,,,0,0,0,0,0,100,0,0,0,0,0,0,0,0,0,0,
194,48,2016,If one gets a diploma one will not definitely find a job,,,,,,,,,,,,,,,,,0,0,0,0,0,100,0,0,0,0,0,0,0,0,0,0,
195,48,2016,Our children do not believe that a diploma guarantees finding a job ,,,,,,,,,,,,,,,,,0,0,0,0,0,100,0,0,0,0,0,0,0,0,0,0,
196,48,2016,Our children do not believe if they do well at school they will find a job ,,,,,,,,,,,,,,,,,0,0,0,0,0,100,0,0,0,0,0,0,0,0,0,0,
197,48,2016,With a diploma of course it is better than without it but it no longer gives any guarantees,,,,,,,,,,,,,,,,,0,0,0,0,0,100,0,0,0,0,0,0,0,0,0,0,
198,48,2016,A diploma does not guarantee finding a job,,,,,,,,,,,,,,,,,0,0,0,0,0,100,0,0,0,0,0,0,0,0,0,0,
199,49,2016,It is especially bad if you have to give up some important things for yourself to get higher education,,,,,,,,,,,,,,,,,0,0,0,0,0,100,0,0,0,0,0,0,0,0,0,0,
200,49,2016,It is especially bad if someone has to give up some important things for himself to get higher education,,,,,,,,,,,,,,,,,0,0,0,0,0,100,0,0,0,0,0,0,0,0,0,0,
201,49,2016,It is especially bad if someone has to give up some important things for herself to get higher education,,,,,,,,,,,,,,,,,0,0,0,0,0,100,0,0,0,0,0,0,0,0,0,0,
202,50,2016,The problem is that the existing education system was designed and built for a different era,,,,,,,,,,,,,,,,,0,0,0,0,0,100,0,0,0,0,0,0,0,0,0,0,
203,50,2016,It was created in context of spiritual culture of Enlightenment and in economic conditions of industrial revolution,,,,,,,,,,,,,,,,,0,0,0,0,0,100,0,0,0,0,0,0,0,0,0,0,
204,50,2016,It was created in context of spiritual culture of economic conditions of industrial revolution,,,,,,,,,,,,,,,,,0,0,0,0,0,100,0,0,0,0,0,0,0,0,0,0,
205,50,2016,It was created in context of spiritual culture of economic conditions,,,,,,,,,,,,,,,,,0,0,0,0,0,100,0,0,0,0,0,0,0,0,0,0,
206,50,2016,It was created in context of spiritual culture of industrial revolution,,,,,,,,,,,,,,,,,0,0,0,0,0,100,0,0,0,0,0,0,0,0,0,0,
207,50,2016,It was created in context of economic conditions of industrial revolution,,,,,,,,,,,,,,,,,0,0,0,0,0,100,0,0,0,0,0,0,0,0,0,0,
208,50,2016,It was created in context of economic conditions,,,,,,,,,,,,,,,,,0,0,0,0,0,100,0,0,0,0,0,0,0,0,0,0,
209,50,2016,It was created in context of industrial revolution,,,,,,,,,,,,,,,,,0,0,0,0,0,100,0,0,0,0,0,0,0,0,0,0,
210,51,2016,At heart of public education is division of people into two types - smart people and not smart,,,,,,,,,,,,,,,,,0,0,0,0,100,0,0,0,0,0,0,0,0,0,0,0,
211,51,2016,At heart of public education is division of people into two types - intellectuals and non-intellectuals,,,,,,,,,,,,,,,,,0,0,0,0,100,0,0,0,0,0,0,0,0,0,0,0,
212,51,2016,Public education divides of people into two types - smart people and not smart,,,,,,,,,,,,,,,,,0,0,0,0,100,0,0,0,0,0,0,0,0,0,0,0,
213,51,2016,Public education divides of people into two types - intellectuals and non-intellectuals,,,,,,,,,,,,,,,,,0,0,0,0,100,0,0,0,0,0,0,0,0,0,0,0,
214,51,2016,Many geniuses have no idea about their talents because their abilities are assessed on the basis of a very one-sided definition of intelligence,,,,,,,,,,,,,,,,,0,0,0,0,100,0,0,0,0,0,0,0,0,0,0,0,
215,51,2016,Many geniuses have no idea about their talents because their abilities are not assessed properly,,,,,,,,,,,,,,,,,0,0,0,0,100,0,0,0,0,0,0,0,0,0,0,0,
216,51,2016,One-sided definition of intelligence leads to not assess talents properly,,,,,,,,,,,,,,,,,0,0,0,0,100,0,0,0,0,0,0,0,0,0,0,0,
217,52,2016,The education system rests on two pillars - economic and intellectual,,,,,,,,,,,,,,,,,0,0,0,0,100,0,0,0,0,0,0,0,0,0,0,0,No evaluation
218,52,2016,Such a model has spoiled a lot of destinies,,,,,,,,,,,,,,,,,0,0,0,0,0,100,0,0,0,0,0,0,0,0,0,0,
219,52,2016,It seems to be great for some people but on the other hand it is completely unsuitable for others,,,,,,,,,,,,,,,,,0,0,0,0,0,0,0,0,0,0,100,0,0,0,0,0,
220,53,2016,There is a whole ADHD epidemic which is by and large a fiction,,,,,,,,,,,,,,,,,0,0,0,0,0,100,0,0,0,0,0,0,0,0,0,0,
221,54,2016,Our children are educated under general anesthesia,,,,,,,,,,,,,,,,,0,0,0,0,0,100,0,0,0,0,0,0,0,0,0,0,
222,54,2016,We're heading in the wrong direction,,,,,,,,,,,,,,,,,0,0,0,0,0,100,0,0,0,0,0,0,0,0,0,0,
223,54,2016,We need not to put children to sleep but to awaken hidden abilities in them,,,,,,,,,,,,,,,,,0,0,0,0,0,100,0,0,0,0,0,0,0,0,0,0,
224,54,2016,We need not to awaken hidden abilities in children,,,,,,,,,,,,,,,,,0,0,0,0,0,100,0,0,0,0,0,0,0,0,0,0,
225,55,2016,Education system is built in interests of industry,,,,,,,,,,,,,,,,,0,0,0,0,100,0,0,0,0,0,0,0,0,0,0,0,No evaluation
226,55,2016,Schools still resemble factories: bells beeps separate buildings specializations in certain subjects,,,,,,,,,,,,,,,,,0,0,0,0,100,0,0,0,0,0,0,0,0,0,0,0,No evaluation
227,55,2016,Schools still resemble factories,,,,,,,,,,,,,,,,,0,0,0,0,100,0,0,0,0,0,0,0,0,0,0,0,No evaluation
228,55,2016,Children are still taught in batches they are divided into age groups,,,,,,,division,,,,,,,,,,0,0,0,0,0,0,100,0,0,0,0,0,0,0,0,0,
229,55,2016,Where did we get the idea that the division should be based on age?,,,,,,,divided,,,,,,,,,,0,0,0,100,0,0,100,0,0,0,0,0,0,0,0,0,Wrong evaluation + alernatives
230,55,2016,Is the year of issue really the most important characteristics of a child?,,,,,,,,,,,,,,,,,0,0,0,0,100,0,0,0,0,0,0,0,0,0,0,0,No evaluation
231,55,2016,Some children are given some subjects better than others,,,,,,,,,,,,,,,,,0,0,0,0,0,0,100,0,0,0,0,0,0,0,0,0,
232,55,2016,It is easier for some children to study at certain times of day,,,,,,,,,,,,,,,,,0,0,0,0,0,0,100,0,0,0,0,0,0,0,0,0,
233,55,2016,It is more comfortable for some children to study at certain times of day,,,,,,,,,,,,,,,,,0,0,0,0,0,0,100,0,0,0,0,0,0,0,0,0,
234,55,2016,It is better for some children to study in small groups than in large ones,,,,,,,,,,,,,,,,,0,0,0,0,0,0,100,0,0,0,0,0,0,0,0,0,
235,55,2016,It is more comfortable for some children to study in small groups than in large ones,,,,,,,,,,,,,,,,,0,0,0,0,0,0,100,0,0,0,0,0,0,0,0,0,
236,55,2016,It is more comfortable for some children to study individually,,,,,,,,,,,,,,,,,0,0,0,0,0,0,100,0,0,0,0,0,0,0,0,0,
237,56,2016,When creating an educational model it is necessary to move away from thinking in terms of industry,,,,,,,,,,,,,,,,,0,0,0,0,0,100,0,0,0,0,0,0,0,0,0,0,
238,56,2016,School is trying to cram everyone into a single framework increasingly standardizing testing methods,,,,,,,standardizing,,,,,,,,,,0,0,0,0,0,0,100,0,0,0,0,0,0,0,0,0,
239,56,2016,School is trying to increasingly standardize education,,,,,,,standardize,,,,,,,,,,0,0,0,0,0,0,100,0,0,0,0,0,0,0,0,0,
240,56,2016,School is trying to increasingly standardize testing methods,,,,,,,standardize,,,,,,,,,,0,0,0,0,0,0,100,0,0,0,0,0,0,0,0,0,
241,57,2016,Creativity is process of creating original ideas that have a certain value,,,,,,,certain,,,,,,,,,,0,0,0,0,0,0,100,0,0,0,0,0,0,0,0,0,
242,57,2016,Divergent thinking is not same thing,,,,,,,divergent,,,,,,,,,,0,0,0,0,0,0,100,0,0,0,0,0,0,0,0,0,
243,57,2016,Divergent thinking is a prerequisite for creativity,,,,,,,divergent,,,,,,,,,,0,0,0,0,0,0,100,0,0,0,0,0,0,0,0,0,
244,57,2016,Creativity is ability to find many possible solutions to a problem,,,,,,,many,,,,,,,,,,0,0,0,0,0,0,100,0,0,0,0,0,0,0,0,0,
245,57,2016,Divergent thinking is ability to find many possible solutions to a problem ,,,,,,,divergent,,,,,,,,,,0,0,0,0,0,0,100,0,0,0,0,0,0,0,0,0,
246,57,2016,Creativity is ability to interpret conditions of a problem in different ways,,,,,,,different,,,,,,,,,,0,0,0,0,0,0,100,0,0,0,0,0,0,0,0,0,
247,57,2016,Divergent thinking is ability to interpret conditions of a problem in different ways ,,,,,,,divergent,,,,,,,,,,0,0,0,0,0,0,100,0,0,0,0,0,0,0,0,0,
248,57,2016,Creativity is ability to think horizontally,,,,,,,,,,,,,,,,,0,0,0,100,0,0,0,0,0,0,0,0,0,0,0,0,
249,57,2016,Divergent thinking is ability to think horizontally,,,,,,,divergent,,,,,,,,,,0,0,0,0,0,0,100,0,0,0,0,0,0,0,0,0,
250,57,2016,Creativity is ability to think not only linearly or perpendicularly,,,,,,,not only,,,,,,,,,,0,0,0,0,0,0,100,0,0,0,0,0,0,0,0,0,
251,57,2016,Divergent thinking is ability to think not only linearly or perpendicularly,,,,,,,divergent,,,,,,,,,,0,0,0,0,0,0,100,0,0,0,0,0,0,0,0,0,
252,57,2016,Several solutions are better than one,,,,,,,several,,,,,,,,,,0,0,0,0,0,0,100,0,0,0,0,0,0,0,0,0,
253,58,2016,We need to change the point of view on the human mind,,,,,,need,,,,,,,,,,,0,0,0,0,0,100,0,0,0,0,0,0,0,0,0,0,
254,58,2016,It is necessary to stop dividing people into capable and incapable,,,,,,,,,,,stop dividing,,,,,,0,0,0,0,0,0,0,0,0,0,100,0,0,0,0,0,
255,58,2016,It is necessary to stop dividing people into capable and incapable and knowledge into abstract theoretical and professional,,,,,,,,,,,stop dividing,,,,,,0,0,0,0,0,0,0,0,0,0,100,0,0,0,0,0,
256,58,2016,It is necessary to stop dividing people into capable and incapable,,,,,,,,,,,stop dividing,,,,,,0,0,0,0,0,0,0,0,0,0,100,0,0,0,0,0,
257,58,2016,It is necessary to stop dividing knowledge into abstract theoretical and professional,,,,,,,,,,,stop dividing,,,,,,0,0,0,0,0,0,0,0,0,0,100,0,0,0,0,0,
258,58,2016,It is necessary to stop dividing knowledge into theoretical and professional,,,,,,,,,,,stop dividing,,,,,,0,0,0,0,0,0,0,0,0,0,100,0,0,0,0,0,
259,58,2016,It is necessary to recognize that the most effective training in a group cooperation is the key to development,,,,,,,,,,,cooperation,,,,,,0,0,0,0,0,0,0,0,0,0,100,0,0,0,0,0,
260,58,2016,The most effective training in a group,,,,,,,,,,,in a group,,,,,,0,0,0,0,0,0,0,0,0,0,100,0,0,0,0,0,
261,58,2016,The cooperation is the key to development,,,,,,,,,,,cooperation,,,,,,0,0,0,0,0,0,0,0,0,0,100,0,0,0,0,0,
262,58,2016,By assessing the abilities of each person individually we create a kind of barrier between them and the natural learning environment,,,,,,,,,,,,,,,,,0,0,0,0,0,0,0,0,0,0,100,0,0,0,0,0,
263,58,2016,By dividing students we create a kind of barrier between them and the natural learning environment,,,,,,,,,,,,,,,,,0,0,0,0,0,0,0,0,0,0,100,0,0,0,0,0,
264,58,2016,There is a barrier between students and the natural learning environment,,,,,,,,,,,,,,,,,0,0,0,0,0,0,0,0,0,0,100,0,0,0,0,0,
265,58,2016,It is necessary to change the very culture of education,,,,,,,,,,,,,,,,,0,0,0,0,0,100,0,0,0,0,0,0,0,0,0,0,
266,58,2016,It is necessary to change the structure of educational institutions and their attitude towards students,,,,,,,,,,,,,,,,,0,0,0,0,0,100,0,0,0,0,0,0,0,0,0,0,
267,59,2020,The current education system lags behind the processes taking place in society,,,,,,,,,,,,,,,,,0,0,0,0,0,100,0,0,0,0,100,0,0,0,0,0,Improvement and synergy need
268,60,2021,With turn of century it is necessary to change education system itself to improve it,,,,,,,,,,,,,,,,,0,0,0,0,0,100,0,0,0,0,0,0,0,0,0,0,
269,60,2021,It is necessary to change education system itself to improve it,,,,,,,,,,,,,,,,,0,0,0,0,0,100,0,0,0,0,0,0,0,0,0,0,
270,60,2021,It is necessary to improve education system,,,,,,,,,,,,,,,,,0,0,0,0,0,100,0,0,0,0,0,0,0,0,0,0,
271,61,2021,Soviet education system was the best in its time in the world,,,,,,,,,,,,,,,,,0,0,0,0,0,100,0,0,0,0,0,0,0,0,0,0,was but not is
272,61,2021,Soviet education system has already become the past,,,,,,,,,,,,,,,,,0,0,0,0,0,100,0,0,0,0,0,0,0,0,0,0,
273,61,2021,Soviet education system has not been replaced by anything worthwhile,,,,,,,,,,,,,,,,,0,0,0,0,0,100,0,0,0,0,0,0,0,0,0,0,
274,61,2021,Old education system has not been replaced by anything worthwhile,,,,,,,,,,,,,,,,,0,0,0,0,0,100,0,0,0,0,0,0,0,0,0,0,
275,61,2021,Old education system has been replaced by State Educational Standard and Federal State Educational Standard,,,,,,,,,,,,,,,,,0,0,0,0,0,100,0,0,0,0,0,0,0,0,0,0,
276,61,2021,To move forward and improve the education system it is necessary to identify the problems that hinder this and eliminate them,,,,,identify,,,,,,,,,,,,0,0,0,0,100,0,0,0,0,0,0,0,0,0,0,0,
277,61,2021,It is necessary to identify the problems that hinder education,,,,,identify,,,,,,,,,,,,0,0,0,0,100,0,0,0,0,0,0,0,0,0,0,0,
278,61,2021,It is necessary to eliminate the problems that hinder education,,,,,,,,,,,,,,,,,0,0,0,0,0,100,0,0,0,0,0,0,0,0,0,0,
279,62,2021,Information society is replacing the working society,,,,,,,,,,,,,,,,,0,0,0,0,100,0,0,0,0,0,0,0,0,0,0,0,No evaluation
280,62,2021,World is developing in the context of globalization,,,,,,,,,,,,,,,,globalization,0,0,0,0,0,0,0,0,0,0,0,0,0,0,0,100,
281,62,2021,World necessitates radical reforms in current education system,,,,,,,,,,,,,,,,,0,0,0,0,0,100,0,0,0,0,0,0,0,0,0,0,
282,62,2021,There is need in radical reforms in education system,,,,,,,,,,,,,,,,,0,0,0,0,0,100,0,0,0,0,0,0,0,0,0,0,
283,63,2021,educational institutions of all levels face constant underfunding,,,,,,,,,,,,,,,,,0,0,0,0,0,100,0,0,0,0,0,0,0,0,0,0,
284,63,2021,rural educational institutions face serious constant underfunding,,,,,,,,,,,,,,,,,0,0,0,0,0,100,0,0,0,0,0,0,0,0,0,0,
285,64,2021,Financial support of teaching work is not clearly regulated,,,,,,,,,,,,,,,,,0,0,0,0,0,100,0,0,0,0,0,0,0,0,0,0,
286,64,2021,Many facets of teaching work are not taken into account,,,,,,,,,,,,,,,,,0,0,0,0,0,100,0,0,0,0,0,0,0,0,0,0,
287,65,2021,Authority of source of knowledge is not supported in society,,,,,,,,,,,,,,,,,0,0,0,0,0,100,0,0,0,0,0,0,0,0,0,0,
288,65,2021,In society underestimated life and value orientations may develop,,,,,,,,,,,,,,,,,0,0,0,0,0,100,0,0,0,0,0,0,0,0,0,0,
289,65,2021,Problems come to surface in simplified primitized rough forms of linguistic communication,,,,,,,,,,,,,,,,,0,0,0,0,0,100,0,0,0,0,0,0,0,0,0,0,
290,66,2021,It is necessary to improve wage system,,,,,,,,,,,,,,,,,0,0,0,0,0,100,0,0,0,0,0,0,0,0,0,0,
291,66,2021,There are some ongoing plans to improve,,,,,,,,,,,,,,,,,0,0,0,0,0,100,0,0,0,0,0,0,0,0,0,0,
292,66,2021,We must implement plans proceeding of course from budgetary possibilities,,,,,,,,,,,,,,,,,0,0,0,100,0,0,0,0,0,0,0,0,0,0,0,0,
293,67,2021,We need to systematically implement issues we face in social areas including education,,,,,,,,,,,,,,,,,0,0,0,100,0,0,0,0,0,0,0,0,0,0,0,0,
294,67,2021,We need to systematically implement issues we face in education,,,,,,,,,,,,,,,,,0,0,0,100,0,0,0,0,0,0,0,0,0,0,0,0,
295,67,2021,We will do it unconditionally,,,,,,,,,,,,,,,,,0,0,0,100,0,0,0,0,0,0,0,0,0,0,0,0,
296,68,2021,Parents have right and should be more involved in what happens in school kitchen buffet and cafeteria,,,,,,,,,,,,,,,,,0,0,0,0,0,0,0,0,0,0,100,0,0,0,0,0,cooperation
297,68,2021,Parents have the right and should be more involved in what happens in the school,,,,,,,,,,,,,,,,,0,0,0,0,0,0,0,0,0,0,100,0,0,0,0,0,cooperation
298,69,2021,We are a little behind those countries that most actively use the capabilities of psychological services and specialists in this area,,,,,,,,,,,,,,,,,0,0,0,0,0,100,0,0,0,0,0,0,0,0,0,0,
299,69,2021,We do not actively use the capabilities of psychological services,,,,,,,,,,,,,,,,,0,0,0,0,0,100,0,0,0,0,0,0,0,0,0,0,
300,69,2021,Modern world is full of all kinds of information,,,,,,,,,,,,,,,,,0,0,0,0,100,0,0,0,0,0,0,0,0,0,0,0,No evaluation
301,69,2021,Information background can be very difficult especially for children it is not easy to figure it out,,,,,,,,,,,,,,,,,0,0,0,0,0,100,0,0,0,0,0,0,0,0,0,0,
302,69,2021,Information background can be very difficult for children,,,,,,,,,,,,,,,,,0,0,0,0,0,100,0,0,0,0,0,0,0,0,0,0,
303,69,2021,Information background is very difficult for children,,,,,,,,,,,,,,,,,0,0,0,0,0,100,0,0,0,0,0,0,0,0,0,0,
304,69,2021,Speeds of the modern world are constantly increasing,,,,,,,,,,,,,,,,,0,0,0,0,100,0,0,0,0,0,0,0,0,0,0,0,No evaluation
305,69,2021,Support of specialists is extremely in demand and this applies to very young children and even adults,,,,,,,,,,,,,,,,,0,0,0,0,0,100,0,0,0,0,0,0,0,0,0,0,
306,69,2021,Support of specialists is extremely in demand,,,,,,,,,,,,,,,,,0,0,0,0,0,100,0,0,0,0,0,0,0,0,0,0,
307,70,2016,In almost all schools in the country this subject is secondary,,,,,,,,,,,,,,,,,0,0,0,0,0,100,0,0,0,0,0,0,0,0,0,0,
308,70,2016,This subject is secondary,,,,,,,,,,,,,,,,,0,0,0,0,0,100,0,0,0,0,0,0,0,0,0,0,
309,70,2016,Computer Science does not give up on admission to a university why study it?,,,,,,,,,,,,,,,,,0,0,0,0,0,100,0,0,0,0,0,0,0,0,0,0,
310,70,2016,The principals of many schools think so so do many parents and students themselves,,,,,,,,,,,,,,,,,0,0,0,0,0,100,0,0,0,0,0,0,0,0,0,0,
311,70,2016,Completely algorithmically illiterate students enter the university,,,,,,,,,,,,,,,,,0,0,0,0,0,100,0,0,0,0,0,0,0,0,0,0,
312,71,2016,And why for all computer specialties of the university they pass chemistry?,,,,,,,,,,,,,,,,,0,0,0,0,100,0,0,0,0,0,0,0,0,0,0,0,No evaluation
313,71,2016,They do not study informatics which they start from scratch at the university,,,,,,,,,,,,,,,,,0,0,0,0,100,0,0,0,0,0,0,0,0,0,0,0,No evaluation
314,71,2016,They do not study informatics,,,,,,,,,,,,,,,,,0,0,0,0,100,0,0,0,0,0,0,0,0,0,0,0,No evaluation
315,72,2016,Schoolchildren don't have time to think,,,,,,,,,,,,,,,,,0,0,0,0,0,100,0,0,0,0,0,0,0,0,0,0,
316,72,2016,Our today's system tries to make mindless slaves but they brilliantly answers all questions of tests,,,,,,,,,,,,,,,,,0,0,0,0,100,0,0,0,0,0,0,0,0,0,0,0,
317,72,2016,Our today's system tries to make mindless slaves,,,,,,,,,,,,,,,,,0,0,0,0,0,100,0,0,0,0,0,0,0,0,0,0,
318,72,2016,There is no time for creativity and doing what they love,,,,,,,,,,,,,,,,,0,0,0,0,0,100,0,0,0,0,0,0,0,0,0,0,
319,73,2016,How do I see the future of informatics in the country?,,,,,,,,,,,,,,,,,0,0,0,0,100,0,0,0,0,0,0,0,0,0,0,0,
320,73,2016,Do you like science fiction?,,,,,,,,,,,,,,,,,0,0,0,0,100,0,0,0,0,0,0,0,0,0,0,0,
321,73,2016,Only fiction supports me,,,,,,,,,,,,,,,,,0,0,0,0,100,0,0,0,0,0,0,0,0,0,0,0,
322,73,2016,I would have given up working with children and taking teams to Olympiad long ago,,,,,,,,,,,,,,,,,0,0,0,100,0,0,0,0,0,0,0,0,0,0,0,0,
323,74,2016,Effective system for the retraining of teachers of informatics will be created since there is no more dynamic developing area,,,,,,,,,,,,,,,,,0,0,0,100,0,0,0,0,0,0,0,0,0,0,0,0,
324,74,2016,Effective system for the retraining of teachers of informatics will be created,,,,,,,,,,,,,,,,,0,0,0,100,0,0,0,0,0,0,0,0,0,0,0,0,
325,74,2016,Informatics is the most dynamic developing area,,,,,,,,,,,,,,,,,0,0,0,0,100,0,0,0,0,0,0,0,0,0,0,0,
326,75,2016,Pilot schools with a focus on computer science will be created,,,,,,,,,,,,,,,,,0,0,0,100,0,0,0,0,0,0,0,0,0,0,0,0,
327,75,2016,Schools will teach the subjects of algorithmic and programming for at least 6-8 hours a week,,,,,,,,,,,,,,,,,0,0,0,100,0,0,0,0,0,0,0,0,0,0,0,0,
328,75,2016,Schools will teach the subjects of algorithmic and programming,,,,,,,,,,,,,,,,,0,0,0,100,0,0,0,0,0,0,0,0,0,0,0,0,
329,76,2016,In universities for specialties related to computer science an examination will be introduced upon admission,,,,,,,,,,,,,,,,,0,0,0,100,0,0,0,0,0,0,0,0,0,0,0,0,
330,76,2016,Examination will be introduced upon admission,,,,,,,,,,,,,,,,,0,0,0,100,0,0,0,0,0,0,0,0,0,0,0,0,
331,76,2016,Even if there are tests left this examination will not be based on tests,,,,,,,,,,,,,,,,,0,0,0,100,0,0,0,0,0,0,0,0,0,0,0,0,
332,77,2016,All teachers who teach computer science at school will know computer science as a science and know algorithms and programming languages,,,,,,,,,,,,,,,,,0,0,0,100,0,0,0,0,0,0,0,0,0,0,0,0,
333,77,2016,All teachers will know computer science and know algorithms and programming languages,,,,,,,,,,,,,,,,,0,0,0,100,0,0,0,0,0,0,0,0,0,0,0,0,
334,77,2016,All teachers will know algorithms and programming languages,,,,,,,,,,,,,,,,,0,0,0,100,0,0,0,0,0,0,0,0,0,0,0,0,
335,78,2016,Students who graduate from a university as teachers of informatics will not need to retrain anything,,,,,,,,,,,,,,,,,0,0,0,100,0,0,0,0,0,0,0,0,0,0,0,0,
336,78,2016,Students will not need to retrain anything,,,,,,,,,,,,,,,,,0,0,0,100,0,0,0,0,0,0,0,0,0,0,0,0,
337,78,2016,They will be able to teach immediately,,,,,,,,,,,,,,,,,0,0,0,100,0,0,0,0,0,0,0,0,0,0,0,0,
338,79,2016,The governing bodies of education will carry out strict and constant control over all of the above,,,,,,,,,,,,,,,,,0,0,0,100,0,0,0,0,0,0,0,0,0,0,0,0,
339,80,2016,What will happen tomorrow with Olympiad in the country?,,,,,,,,,,,,,,,,,0,0,0,0,100,0,0,0,0,0,0,0,0,0,0,0,
340,80,2016,We will create a system for selecting and preparing talented students to participate in Olympiad,,,,,,,,,,,,,,,,,0,0,0,100,0,0,0,0,0,0,0,0,0,0,0,0,
341,80,2016,Victories will not make us all wait long and they will come during our lifetime,,,,,,,,,,,,,,,,,0,0,0,100,0,0,0,0,0,0,0,0,0,0,0,0,
342,81,2021,Council of Psychological Faculty considered complaint of mother of prodigy Alisa and decided to remove block dedicated to ideas of Sigmund Freud from program,,,,,,,,,,,,,,,,,0,0,0,0,0,100,0,0,0,0,0,0,0,0,0,0,
343,81,2021,Council considered complaint of mother,,,,,,,,,,,,,,,,,0,0,0,0,0,100,0,0,0,0,0,0,0,0,0,0,
344,81,2021,Council decided to remove block dedicated to ideas of Sigmund Freud from program,,,,,,,,,,,,,,,,,0,0,0,0,0,100,0,0,0,0,0,0,0,0,0,0,
345,82,2021,To fill the gap in curriculum Department of Education Methodology together with Student Council has developed a conceptually new block of lectures,,,,,,,,,,,,,,,,,0,0,0,0,0,100,0,0,0,0,0,0,0,0,0,0,
346,82,2021,To fill the gap in curriculum professionals have developed a conceptually new block of lectures,,,,,,,,,,,,,,,,,0,0,0,0,0,100,0,0,0,0,0,0,0,0,0,0,
347,82,2021,To fill the gap in curriculum teachers have developed a conceptually new block of lectures,,,,,,,,,,,,,,,,,0,0,0,0,0,100,0,0,0,0,0,0,0,0,0,0,
348,82,2021,Teachers have developed a conceptually new block of lectures,,,,,,,,,,,,,,,,,0,0,0,0,0,100,0,0,0,0,0,0,0,0,0,0,
349,82,2021,This program will be required even for graduate students,,,,,,,,,,,,,,,,,0,0,0,0,0,100,0,0,0,0,0,0,0,0,0,0,
350,83,2021,Administration of USSTU has already concluded a number of important agreements,,,,,,,,,,,,,,,,,0,0,0,100,0,0,0,0,0,0,0,0,0,0,0,0,
351,83,2021,Joining university to consortium,,,,,,,,,,,,,,,,,0,0,0,0,0,0,0,0,0,0,100,0,0,0,0,0,
352,84,2021,Document deals with conduct of joint research,,,,,,,,,,,,,,,,,0,0,0,0,0,0,0,0,0,0,100,0,0,0,0,0,
353,84,2021,Document deals with development projects,,,,,,,,,,,,,,,,,0,0,0,100,0,0,0,0,0,0,0,0,0,0,0,0,
354,84,2021,Document deals with development and implementation of basic educational programs,,,,,,,,,,,,,,,,,0,0,0,0,0,100,0,0,0,0,0,0,0,0,0,0,
355,84,2021,Basic educational programs of higher and additional professional education,,,,,,,,,,,,,,,,,0,0,0,0,100,0,0,0,0,0,0,0,0,0,0,0,
356,84,2021,We combine our strengths,,,,,,,,,,,,,,,,,0,0,0,0,0,0,0,0,0,0,100,0,0,0,0,0,
357,84,2021,Institute advocates use of hydrogen to generate electricity and is engaged in power engineering ,,,,,,,,,,,,,,,,,0,0,0,0,100,0,0,0,0,0,0,0,0,0,0,0,
358,84,2021,Institute advocates use of hydrogen,,,,,,,,,,,,,,,,,0,0,0,0,100,0,0,0,0,0,0,0,0,0,0,0,
359,84,2021,Institute is engaged in power engineering,,,,,,,,,,,,,,,,,0,0,0,0,100,0,0,0,0,0,0,0,0,0,0,0,
360,84,2021,Oil production and refining issues,,,,,,,,,,,,,,,,,0,0,0,0,100,0,0,0,0,0,0,0,0,0,0,0,
361,85,2021,Goal is not only to train qualified personnel for production tasks,,,,,,,,,,,,,,,,,0,0,0,0,0,100,0,0,0,0,0,0,0,0,0,0,
362,85,2021,Important component of high qualifications of future specialists is their formation within framework of development of frontier areas of science,,,,,,,,,,,,,,,,,0,0,0,0,0,100,0,0,0,0,0,0,0,0,0,0,
363,85,2021,Development of frontier areas of science,,,,,,,,,,,,,,,,,0,0,0,0,0,100,0,0,0,0,0,0,0,0,0,0,
364,85,2021,They should come to production and offer modern solutions,,,,,,,,,,,,,,,,,0,0,0,0,0,100,0,0,0,0,0,0,0,0,0,0,
365,85,2021,They should come to production and offer know-how,,,,,,,,,,,,,,,,,0,0,0,0,0,100,0,0,0,0,0,0,0,0,0,0,
366,85,2021,They should come to production and offer developments,,,,,,,,,,,,,,,,,0,0,0,0,0,100,0,0,0,0,0,0,0,0,0,0,
367,85,2021,They should come to production and offer modern solutions that contribute to the renewal of the economy,,,,,,,,,,,,,,,,,0,0,0,0,0,100,0,0,0,0,0,0,0,0,0,0,
368,85,2021,Renewal of the economy in the context of the current development of science,,,,,,,,,,,,,,,,,0,0,0,0,0,100,0,0,0,0,0,0,0,0,0,0,
369,86,2021,Most important function of REC is coordination of interaction between universities and research organizations,,,,,,,,,,,,,,,,,0,0,0,0,0,0,0,0,0,0,100,0,0,0,0,0,
370,86,2021,Coordination of interaction between universities and research organizations,,,,,,,,,,,,,,,,,0,0,0,0,0,0,0,0,0,0,100,0,0,0,0,0,
371,86,2021,Scientists are engaged in what research,,,,,,,,,,,,,,,,,0,0,0,100,0,0,0,0,0,0,0,0,0,0,0,0,
372,86,2021,Before the organization of RECs scientists rarely interacted,,,,,,,,,,,,,,,,,0,0,0,0,0,100,0,0,0,0,0,0,0,0,0,0,
373,86,2021,Before the organization of RECs scientists more often competed,,,,,,,,,,,,,,,,,0,0,0,0,0,100,0,0,0,0,0,0,0,0,0,0,
374,86,2021,We work in a single structure of the center,,,,,,,,,,,,,,,,,0,0,0,100,0,0,0,0,0,0,0,0,0,0,0,0,Single means absence of alternatives
375,86,2021,Together we develop science and promote our developments to international level,,,,,,,,,,,,,,,,,0,0,0,0,0,0,0,0,0,0,100,0,0,0,0,0,
376,87,2021,Most working Muscovites are willing to study in order to raise their income or advance their careers,,,,,,,,,,,,,,,,,0,0,0,0,0,100,0,0,0,0,0,0,0,0,0,0,
377,87,2021,People are willing to study in order to raise their income or advance their careers,,,,,,,,,,,,,,,,,0,0,0,0,0,100,0,0,0,0,0,0,0,0,0,0,
378,87,2021,This is evidenced by the results of a survey conducted by experts from the online university,,,,,,,,,,,,,,,,,0,0,0,0,0,100,0,0,0,0,0,0,0,0,0,0,
379,88,2021,We are ready to pay employee for training according to profile,,,,,,,,,,,,,,,,,0,0,0,0,0,100,0,0,0,0,0,0,0,0,0,0,
380,88,2021,We understand desire of people to learn something new for themselves,,,,,,,,,,,,,,,,,0,0,0,0,0,100,0,0,0,0,0,0,0,0,0,0,
381,88,2021,We expect employee to clearly explain what exactly he wants,,,,,,,,,,,,,,,,,0,0,0,0,0,100,0,0,0,0,0,0,0,0,0,0,
382,88,2021,We expect employee to clearly explain how he plans to apply the knowledge,,,,,,,,,,,,,,,,,0,0,0,0,0,100,0,0,0,0,0,0,0,0,0,0,
383,88,2021,We expect employee to clearly explain how she plans to apply knowledge,,,,,,,,,,,,,,,,,0,0,0,0,0,100,0,0,0,0,0,0,0,0,0,0,
384,88,2021,We are considering possibility of partial repayment of training,,,,,,,,,,,,,,,,,0,0,0,0,0,100,0,0,0,0,0,0,0,0,0,0,
385,89,2021,Many companies have come to build their own ecosystem for employee development,,,,,,,,,,,,,,,,,0,0,0,0,0,100,0,0,0,0,0,0,0,0,0,0,
386,89,2021,We have a corporate university for this,,,,,,,,,,,,,,,,,0,0,0,0,100,0,0,0,0,0,0,0,0,0,0,0,
387,90,2021,Idea to create a talent pool for leaders in the scientific and educational environment at the state level,,,,,,,,,,,,,,,,,0,0,0,0,100,0,0,0,0,0,0,0,0,0,0,50,State level could be half of global one
388,90,2021,In a number of regions there is a lack of successful heads of institutions one way or another related to research,,,,,,,,,,,,,,,,,0,0,0,0,0,100,0,0,0,0,0,0,0,0,0,0,
389,91,2021,Elective entry directly into this talent pool system of all colleagues and advancement along it with understandable trajectories for colleagues of different ages,,,,,,,,,,,,,,,,,0,0,0,0,0,100,100,0,0,0,0,0,0,0,0,0,
390,92,2021,Second is continuous learning in a competitive environment so that we can clearly promote colleagues with competition,,,,,,,,,,,,,,,,,0,0,0,0,0,100,100,0,0,0,0,0,0,0,0,0,
391,92,2021,Continuous learning in a competitive environment,,,,,,,,,,,,,,,,,0,0,0,0,0,100,100,0,0,0,0,0,0,0,0,0,
392,92,2021,We can clearly promote colleagues with competition,,,,,,,,,,,,,,,,,0,0,0,0,0,100,100,0,0,0,0,0,0,0,0,0,
393,93,2021,And the third is directly popularization a public demonstration that this personnel reserve is working that it produces a product,,,,,,,,,,,,,,,,,0,0,0,0,0,100,0,0,0,0,0,0,0,0,0,0,
394,93,2021,It is important to demonstrate working product,,,,,,,,,,,,,,,,,0,0,0,0,0,100,0,0,0,0,0,0,0,0,0,0,
395,94,2021,Formation of similarity to the National Science Foundation in the field of education,,,,,,,,,,,,,,,,,0,0,0,0,0,0,0,0,0,0,100,0,0,0,0,0,
396,94,2021,Formation of Foundation in the field of education,,,,,,,,,,,,,,,,,0,0,0,0,0,0,0,0,0,0,100,0,0,0,0,0,
397,94,2021,Formation of Foundation for the accumulation and generation of initiative projects,,,,,,,,,,,,,,,,,0,0,0,0,0,0,0,0,0,0,100,0,0,0,0,0,
398,94,2021,Initiative projects for the use of scientific knowledge in educational programs,,,,,,,,,,,,,,,,,0,0,0,0,0,100,0,0,0,0,0,0,0,0,0,0,
399,94,2021,educational product on an expert basis could receive funding for implementation with further testing and collection of feedback,,,,,,,,,,,,,,,,,0,0,0,0,0,100,0,0,0,0,0,0,0,0,0,0,
400,94,2021,implementation with further testing and collection of feedback,,,,,,,,,,,,,,,,,0,0,0,0,0,100,0,0,0,0,0,0,0,0,0,0,
401,95,2021,A lot of knowledge is generated,,,,,,,,,,,,,,,,,0,0,0,0,100,0,0,0,0,0,0,0,0,0,0,0,
402,95,2021,Number of colleagues are trying to introduce knowledge into the educational process,,,,,,,,,,,,,,,,,0,0,0,0,0,100,0,0,0,0,0,0,0,0,0,0,
403,95,2021,Organizations are needed that would use this,,,,,,,,,,,,,,,,,0,0,0,0,0,100,0,0,0,0,0,0,0,0,0,0,
404,95,2021,Next step is for the teams that participate in such grants to set requirements,,,,,,,,,,,,,,,,,0,0,0,0,0,100,0,0,0,0,0,0,0,0,0,0,
405,95,2021,Next step is for the teams that participate in such grants to set requirements so that they find organizations that would be interested and come forward with co-financing,,,,,,,,,,,,,,,,,0,0,0,0,0,100,0,0,0,0,0,0,0,0,0,0,
406,96,2021,Professional community as well as government and business representatives discussed the problems of attracting young personnel to science,,,,,,,,,,,,,,,,,0,0,0,0,0,100,0,0,0,0,0,0,0,0,0,0,
407,96,2021,Professionals the problems of attracting young personnel to science,,,,,,,,,,,,,,,,,0,0,0,0,0,100,0,0,0,0,0,0,0,0,0,0,
408,97,2021,TPU acting rector noted that today an individual approach to the formation of the career track of each promising specialist is of particular importance,,,,,,,,,,,,,,,,,0,0,0,0,0,0,100,0,0,0,0,0,0,0,0,0,
409,97,2021,Individual approach to the formation of the career track of each promising specialist is of particular importance,,,,,,,,,,,,,,,,,0,0,0,0,0,0,100,0,0,0,0,0,0,0,0,0,
410,97,2021,Individual approach is of particular importance,,,,,,,,,,,,,,,,,0,0,0,0,0,0,100,0,0,0,0,0,0,0,0,0,
411,98,2021,For a beginner specialist it is especially important to understand him what position in the scientific activity of the university is comfortable for working in,,,,,,,,,,,,,,,,,0,0,0,0,100,0,0,0,0,0,0,0,0,0,0,0,
412,98,2021,For a beginner specialist it is especially important to understand him in what direction he wants to develop,,,,,,,,,,,,,,,,,0,0,0,0,100,0,0,0,0,0,0,0,0,0,0,0,
413,98,2021,For a beginner specialist it is especially important to understand him in what direction she wants to develop,,,,,,,,,,,,,,,,,0,0,0,0,100,0,0,0,0,0,0,0,0,0,0,0,
414,99,2021,Trend of discussion is to build individual trajectories within university,,,,,,,,,,,,,,,,,0,0,0,0,0,0,100,0,0,0,0,0,0,0,0,0,
415,99,2021,This helps to design scientific teams and project learning in such a way that during the course of study the student can try himself in different positions,,,,,,,,,,,,,,,,,0,0,0,0,0,0,100,0,0,0,0,0,0,0,0,0,
416,99,2021,This helps to design scientific teams and project learning in such a way that during the course of study the student can understand which one is closer to him,,,,,,,,,,,,,,,,,0,0,0,0,0,100,0,0,0,0,0,0,0,0,0,0,
417,99,2021,The task of the university in this case is to prepare the necessary ecosystem,,,,,,,,,,,,,,,,,0,0,0,0,0,100,0,0,0,0,50,0,0,0,0,0,Ecosystem is half of synergy
418,100,2021,It is very important to find points of attracting young specialists to science,,,,,,,,,,,,,,,,,0,0,0,0,0,100,0,0,0,0,0,0,0,0,0,0,
419,100,2021,The most valuable thing that a university can offer is integration of its work into solving global challenges,,,,,,,,,,,,,,,,,0,0,0,0,0,0,0,0,0,0,100,0,0,0,0,100,
420,100,2021,The most valuable thing is the integration of its work into solving global challenges,,,,,,,,,,,,,,,,,0,0,0,0,0,0,0,0,0,0,100,0,0,0,0,100,
